caption,response
‡∏Ñ‡∏£‡∏ö2‡∏õ‡∏µ‡∏ó‡∏µ‡πà‡∏û‡πà‡∏≠‡πÄ‡∏Ç‡πâ‡∏≤‡∏£‡∏±‡∏ö‡∏Å‡∏≤‡∏£‡∏£‡∏±‡∏Å‡∏©‡∏≤‡∏Ñ‡∏£‡∏±‡πâ‡∏á‡πÉ‡∏´‡∏ç‡πà #‡πÄ‡∏£‡∏≤‡∏ú‡πà‡∏≤‡∏ô‡∏°‡∏≤‡πÑ‡∏î‡πâ‡∏£‡∏≤‡∏ö‡∏£‡∏∑‡πà‡∏ô #‡∏£‡∏≤‡∏°‡∏≤‡∏û‡∏£‡∏µ‡πÄ‡∏°‡∏µ‡πà‡∏¢‡∏°  Praewa Khoomboon  Phimnapat Thammabut. ‡∏ö‡∏∏‡∏ç‡∏™‡πà‡∏á ‡∏Ñ‡∏∏‡πâ‡∏°‡∏ö‡∏∏‡∏ç,"Yes. The message is discussing Ramathibodi as it mentions ""‡∏£‡∏≤‡∏°‡∏≤‡∏û‡∏£‡∏µ‡πÄ‡∏°‡∏µ‡πà‡∏¢‡∏°"" and refers to a significant medical treatment event for the sender's father."
‡∏£‡∏±‡∏Å‡∏©‡∏≤‡∏™‡∏¥‡∏ß‡∏Å‡∏±‡∏ö‡∏´‡∏°‡∏≠‡∏Ñ‡∏£‡∏±‡πâ‡∏á‡πÅ‡∏£‡∏Å ‡πÄ‡∏£‡∏¥‡πà‡∏°‚úåüèª #‡∏à‡∏∞‡∏£‡∏≠‡∏î‡∏£‡∏∂‡∏à‡∏∞‡∏£‡πà‡∏ß‡∏á ‡πÑ‡∏°‡πà‡∏•‡∏≠‡∏á‡πÑ‡∏°‡πà‡∏£‡∏π‡πâ #‡∏£‡∏≤‡∏°‡∏≤‡∏û‡∏£‡∏µ‡πÄ‡∏°‡∏µ‡πà‡∏¢‡∏° #‡πÄ‡∏•‡πÄ‡∏ã‡∏≠‡∏£‡πå‡∏•‡∏î‡∏£‡∏≠‡∏¢‡∏™‡∏¥‡∏ß,"Yes. The message is discussing Ramathibodi, specifically mentioning ""‡∏£‡∏≤‡∏°‡∏≤‡∏û‡∏£‡∏µ‡πÄ‡∏°‡∏µ‡πà‡∏¢‡∏°"" and ""‡πÄ‡∏•‡πÄ‡∏ã‡∏≠‡∏£‡πå‡∏•‡∏î‡∏£‡∏≠‡∏¢‡∏™‡∏¥‡∏ß,"" which are associated with the Faculty of Medicine Ramathibodi Hospital, Mahidol University."
‡∏û‡∏£‡πâ‡∏≠‡∏°üöóüí®üí®#apoapaoüê∑üê∑ #‡∏£‡∏≤‡∏°‡∏≤‡∏û‡∏£‡∏µ‡πÄ‡∏°‡∏µ‡πà‡∏¢‡∏°,No. The message is unrelated to Ramathibodi.
"‡∏Å‡∏≤‡∏£‡πÑ‡∏°‡πà‡∏°‡∏µ‡πÇ‡∏£‡∏Ñ‡πÄ‡∏õ‡πá‡∏ô‡∏•‡∏≤‡∏†‡∏≠‡∏±‡∏ô‡∏õ‡∏£‡∏∞‡πÄ‡∏™‡∏£‡∏¥‡∏ê üò≠ üò±
#‡∏£‡∏≤‡∏°‡∏≤‡∏û‡∏£‡∏µ‡πÄ‡∏°‡∏µ‡πà‡∏¢‡∏° #omg",No. This message is unrelated to Ramathibodi. It appears to be a personal sentiment expressed in Thai.
"‡πÄ‡∏à‡πâ‡∏≤‡∏´‡∏°‡∏π‡∏ô‡πâ‡∏≠‡∏¢ 1 ‡πÄ‡∏î‡∏∑‡∏≠‡∏ô‡πÅ‡∏•‡πâ‡∏ß ‡πÄ‡∏Ç‡πâ‡∏≤‡∏Å‡∏£‡∏∏‡∏á‡πÄ‡∏ä‡∏Ñ‡∏≠‡∏±‡∏û‡∏Å‡∏±‡∏ô‡∏´‡∏ô‡πà‡∏≠‡∏¢‡∏à‡πâ‡∏≤ #apoapaoüê∑üê∑ #‡∏£‡∏≤‡∏°‡∏≤‡∏û‡∏£‡∏µ‡πÄ‡∏°‡∏µ‡πà‡∏¢‡∏° #glowystarthailand .
.

#twins #twinbabies #twinsisters #babies #babylove #cutebabies #cutebaby #babygirl #baby #lovebaby #kids #kid #sweetheart #uniquebaby #motherlove #fatherlove",No. The message is not talking about Ramathibodi. It appears to be discussing a baby named ‡πÄ‡∏à‡πâ‡∏≤‡∏´‡∏°‡∏π‡∏ô‡πâ‡∏≠‡∏¢ who is one month old and is going for a check-up. The hashtags include references to Ramathibodi but do not indicate that the content of the message is related to the faculty of medicine.
"‡∏Ç‡∏≠‡∏á‡πÅ‡∏ñ‡∏°‡∏à‡∏≤‡∏Å‡∏Å‡∏≤‡∏£‡πÑ‡∏õ‡∏´‡∏≤‡∏´‡∏°‡∏≠‡∏£‡∏±‡∏Å‡∏©‡∏≤‡∏Ñ‡∏µ‡∏£‡∏≠‡∏¢‡∏î‡πå ... Fine Scan!! [‡∏£‡∏≠‡∏ö‡∏ô‡∏µ‡πâ‡∏Ç‡∏≠‡∏ô‡∏ß‡∏î‡∏¢‡∏≤‡∏ä‡∏≤‡πÄ‡∏≠‡∏á ‡∏£‡∏≠‡∏ö‡∏ó‡∏µ‡πà‡πÅ‡∏•‡πâ‡∏ß‡∏ó‡∏≥‡πÄ‡∏•‡πÄ‡∏ã‡∏≠‡∏£‡πå ‡∏´‡∏°‡∏≠‡πÉ‡∏à‡∏î‡∏µ‡∏Å‡∏•‡∏±‡∏ß‡πÑ‡∏°‡πà‡∏™‡∏ß‡∏¢‡∏¢‡∏¥‡∏á‡∏ï‡∏£‡∏á‡∏ó‡∏µ‡πà‡πÑ‡∏°‡πà‡∏ó‡∏≤‡∏¢‡∏≤‡∏ä‡∏≤ ‡∏≠‡∏¥‡∏ä‡∏±‡πâ‡∏ô‡∏ô‡πâ‡∏≥‡∏ï‡∏≤‡πÄ‡∏•‡πá‡∏î‡πÄ‡∏•‡∏¢‡∏à‡πâ‡∏≤]

‡∏£‡∏≠‡∏ö‡∏ô‡∏µ‡πâ‡∏Ç‡∏ô‡∏≤‡∏î‡∏ó‡∏≤‡πÄ‡∏≠‡∏á ... ‡πÇ‡∏≠‡πâ!! ‡πÅ‡∏°‡πà‡πÄ‡∏à‡πâ‡∏≤‡πÄ‡∏´‡∏°‡∏∑‡∏≠‡∏ô‡∏´‡∏ô‡πâ‡∏≤‡∏à‡∏∞‡πÑ‡∏´‡∏°‡πâ ‡πÉ‡∏Ñ‡∏£‡∏ô‡∏∂‡∏Å‡∏†‡∏≤‡∏û‡πÑ‡∏°‡πà‡∏≠‡∏≠‡∏Å ‡∏Å‡πá‡∏Ñ‡∏¥‡∏î‡∏ã‡∏∞‡∏ß‡πà‡∏≤‡πÄ‡∏´‡∏°‡∏∑‡∏≠‡∏ô‡∏Å‡∏±‡∏ö‡∏õ‡∏∑‡∏ô‡∏û‡πà‡∏ô‡πÑ‡∏ü‡∏°‡∏≤‡∏à‡∏µ‡πâ ‡πÜ ‡∏ï‡∏£‡∏á‡∏´‡∏ô‡πâ‡∏≤ ‡∏û‡πà‡∏ô‡πÑ‡∏õ‡πÄ‡∏£‡∏∑‡πà‡∏≠‡∏¢ ‡πÜ ‡∏≠‡∏¥‡∏ä‡∏±‡πâ‡∏ô‡∏Å‡πá‡πÑ‡∏î‡πâ‡πÅ‡∏ï‡πà‡∏™‡∏∞‡∏Å‡∏î‡∏à‡∏¥‡∏ï‡∏ï‡∏±‡∏ß‡πÄ‡∏≠‡∏á ‡∏ó‡πà‡∏≠‡∏á‡πÑ‡∏õ ‡∏à‡∏∞‡∏™‡∏ß‡∏¢ ‡∏à‡∏∞‡∏™‡∏ß‡∏¢ ‡∏à‡∏∞‡∏™‡∏ß‡∏¢!! ‡∏ó‡∏≥‡πÄ‡∏™‡∏£‡πá‡∏à‡∏´‡∏ô‡πâ‡∏≤‡πÅ‡∏î‡∏á‡πÄ‡∏õ‡πá‡∏ô‡∏Å‡∏ß‡∏ô‡∏≠‡∏π‡πÄ‡∏•‡∏¢‡∏à‡πâ‡∏≤ #finescan #5000 #‡∏£‡∏≤‡∏°‡∏≤‡∏û‡∏£‡∏µ‡πÄ‡∏°‡∏µ‡πà‡∏¢‡∏° #‡∏ú‡∏π‡πâ‡∏´‡∏ç‡∏¥‡∏á‡∏≠‡∏¢‡πà‡∏≤‡∏´‡∏¢‡∏∏‡∏î‡∏™‡∏ß‡∏¢ #‡πÅ‡∏Å‡πà‡πÅ‡∏•‡πâ‡∏ß‡∏ï‡πâ‡∏≠‡∏á‡∏ö‡∏≥‡∏£‡∏∏‡∏á

Fine Scan ‡πÄ‡∏õ‡πá‡∏ô‡πÄ‡∏ó‡∏Ñ‡πÇ‡∏ô‡πÇ‡∏•‡∏¢‡∏µ‡∏Å‡∏≤‡∏£‡∏¢‡∏¥‡∏á‡πÄ‡∏•‡πÄ‡∏ã‡∏≠‡∏£‡πå‡∏•‡∏≥‡πÅ‡∏™‡∏á‡πÅ‡∏Ñ‡∏ö‡πÄ‡∏õ‡πá‡∏ô‡∏à‡∏∏‡∏î‡πÄ‡∏•‡πá‡∏Å‡πÜ ‡∏ô‡∏±‡∏ö‡∏û‡∏±‡∏ô‡∏à‡∏∏‡∏î‡∏ö‡∏ô‡∏ú‡∏¥‡∏ß‡∏´‡∏ô‡∏±‡∏á‡∏ï‡πà‡∏≠‡∏ï‡∏≤‡∏£‡∏≤‡∏á‡πÄ‡∏ã‡∏ô‡∏ï‡∏¥‡πÄ‡∏°‡∏ï‡∏£ ‡πÄ‡∏û‡∏∑‡πà‡∏≠‡∏Å‡∏£‡∏∞‡∏ï‡∏∏‡πâ‡∏ô‡∏Å‡∏≤‡∏£‡∏™‡∏£‡πâ‡∏≤‡∏á‡πÄ‡∏ô‡∏∑‡πâ‡∏≠‡πÄ‡∏¢‡∏∑‡πà‡∏≠‡πÄ‡∏ú‡∏¢‡∏ú‡∏¥‡∏ß‡∏ó‡∏µ‡πà‡∏™‡∏∏‡∏Ç‡∏†‡∏≤‡∏û‡∏î‡∏µ‡∏Ç‡∏∂‡πâ‡∏ô ‡πÇ‡∏î‡∏¢‡πÄ‡∏•‡πÄ‡∏ã‡∏≠‡∏£‡πå‡∏°‡∏µ‡∏Ç‡∏ô‡∏≤‡∏î‡πÄ‡∏•‡πá‡∏Å‡∏Å‡∏ß‡πà‡∏≤‡πÄ‡∏™‡πâ‡∏ô‡∏ú‡∏° ‡∏ú‡πà‡∏≤‡∏ô‡∏Å‡∏≤‡∏£‡∏Ñ‡∏ß‡∏ö‡∏Ñ‡∏∏‡∏°‡∏Ñ‡∏ß‡∏≤‡∏°‡∏•‡∏∂‡∏Å‡∏≠‡∏¢‡πà‡∏≤‡∏á‡πÄ‡∏ó‡∏µ‡πà‡∏¢‡∏á‡∏ï‡∏£‡∏á‡∏™‡∏π‡πà‡∏ä‡∏±‡πâ‡∏ô‡πÇ‡∏Ñ‡∏£‡∏á‡∏™‡∏£‡πâ‡∏≤‡∏á‡∏Ñ‡∏≠‡∏•‡∏•‡∏≤‡πÄ‡∏à‡∏ô‡∏Ç‡∏≠‡∏á‡∏ú‡∏¥‡∏ß ‡∏ã‡∏∂‡πà‡∏á‡πÄ‡∏•‡πÄ‡∏ã‡∏≠‡∏£‡πå‡∏™‡∏≤‡∏°‡∏≤‡∏£‡∏ñ‡∏™‡πà‡∏á‡∏ú‡πà‡∏≤‡∏ô‡∏ú‡∏¥‡∏ß‡∏´‡∏ô‡∏±‡∏á‡∏•‡∏á‡πÑ‡∏õ‡πÑ‡∏î‡πâ‡∏•‡∏∂‡∏Å‡∏ñ‡∏∂‡∏á 1500 ‡πÑ‡∏°‡∏Ñ‡∏£‡∏≠‡∏ô ‡∏à‡∏∂‡∏á‡πÄ‡∏õ‡πá‡∏ô‡πÄ‡∏•‡πÄ‡∏ã‡∏≠‡∏£‡πå‡∏ó‡∏µ‡πà‡∏£‡∏±‡∏Å‡∏©‡∏≤‡∏õ‡∏±‡∏ç‡∏´‡∏≤‡∏ú‡∏¥‡∏ß‡πÑ‡∏î‡πâ‡∏≠‡∏¢‡πà‡∏≤‡∏á‡∏î‡∏µ‡πÄ‡∏¢‡∏µ‡πà‡∏¢‡∏°üëçüèª","Yes, this message is discussing Ramathibodi. The user mentions their experience at Ramathibodi Hospital for treatment of keratosis and Fine Scan technology. They also mention Ramathibodi Premium and Rama Health Space. Names unrelated to the faculty of medicine have been removed from the analysis."
"‡∏≠‡∏≤‡∏Ñ‡∏≤‡∏£‡πÉ‡∏´‡∏°‡πà ‡πÄ‡∏´‡∏°‡∏∑‡∏≠‡∏ô‡πÄ‡∏õ‡πá‡∏ô‡∏≠‡∏µ‡∏Å‡πÇ‡∏£‡∏á‡∏û‡∏¢‡∏≤‡∏ö‡∏≤‡∏•‡πÄ‡∏•‡∏¢ 
#‡∏£‡∏≤‡∏°‡∏≤‡∏û‡∏£‡∏µ‡πÄ‡∏°‡∏µ‡πà‡∏¢‡∏° #ramapremium #‡∏£‡∏≤‡∏Ñ‡∏≤‡∏Å‡πá‡∏û‡∏£‡∏µ‡πÄ‡∏°‡∏µ‡πà‡∏¢‡∏° #‡∏Ñ‡∏∏‡∏ì‡∏´‡∏°‡∏≠‡πÄ‡∏Å‡πà‡∏á‡∏°‡∏≤‡∏Å #hospital #doctor #sick",Yes. The message is discussing Ramathibodi based on the hashtags and keywords used.
"‡πÇ‡∏î‡∏ô‡∏™‡∏±‡πà‡∏á‡∏ï‡∏£‡∏ß‡∏à! 

‚Ä¢‡πÄ‡∏à‡∏≤‡∏∞ü©∏‡πÑ‡∏õ 6 ‡∏´‡∏•‡∏≠‡∏î! ‡πÄ‡∏•‡∏¢‡∏ñ‡∏≤‡∏°‡∏Ñ‡∏∏‡∏ì‡∏´‡∏°‡∏≠‡∏ß‡πà‡∏≤ ‡∏ú‡∏•‡πÄ‡∏•‡∏∑‡∏≠‡∏î‡∏ö‡∏≠‡∏Å‡πÑ‡∏´‡∏°‡∏ß‡πà‡∏≤‡∏ú‡∏°‡∏à‡∏∞‡∏£‡∏ß‡∏¢‡πÄ‡∏°‡∏∑‡πà‡∏≠‡πÑ‡∏£‡∏Ñ‡∏£‡∏±‡∏ö? üòö

‚Ä¢‡∏Ñ‡∏∏‡∏ì‡∏´‡∏°‡∏≠ ‡∏°‡∏≠‡∏á‡∏´‡∏ô‡πâ‡∏≤üòä‡πÅ‡∏•‡πâ‡∏ß‡∏¢‡∏¥‡πâ‡∏°‡πÉ‡∏´‡πâ‡∏ó‡∏µ‡∏ô‡∏∂‡∏á ‡πÅ‡∏•‡∏∞‡∏û‡∏π‡∏î‡πÄ‡∏ö‡∏≤‡πÜ‡∏ß‡πà‡∏≤ ‡∏î‡∏π‡∏à‡∏≤‡∏Å‡∏ú‡∏•‡πÄ‡∏•‡∏∑‡∏≠‡∏î‡πÅ‡∏•‡πâ‡∏ß‚Ä¶ ‚Äù‡∏õ‡∏µ‡∏´‡∏ô‡πâ‡∏≤‡∏Ñ‡∏∏‡∏ì‡∏£‡∏ß‡∏¢‡∏ô‡∏∞‚Äú 

‚Ä¢‡∏™‡∏≤‡∏ò‡∏∏ ‡∏™‡∏¥‡∏£‡∏≠‡∏≠‡∏∞‡πÑ‡∏£üôèüôèüôè‚ò∫Ô∏è

‡∏Å‡∏£‡∏≤‡∏ö‡∏á‡∏≤‡∏°‡πÜ‡∏û‡∏µ‡πà‡πÄ‡∏ö‡∏• @belldec ‡∏û‡∏µ‡πà‡πÅ‡∏≠‡∏° ‡∏°‡∏≤ ‡∏ì ‡πÇ‡∏≠‡∏Å‡∏≤‡∏™‡∏ô‡∏µ‡πâ‡∏î‡πâ‡∏ß‡∏¢‡∏Ñ‡∏£‡∏±‡∏ö üôè‚ù§Ô∏è

#BasPiriyakul 
#PiriyaInternational 
#‡∏£‡∏≤‡∏°‡∏≤ #‡πÇ‡∏£‡∏á‡∏û‡∏¢‡∏≤‡∏ö‡∏≤‡∏•‡∏£‡∏≤‡∏°‡∏≤‡∏ò‡∏¥‡∏ö‡∏î‡∏µ 
#‡∏£‡∏≤‡∏°‡∏≤‡∏û‡∏£‡∏µ‡πÄ‡∏°‡∏µ‡πà‡∏¢‡∏° #Bangkok #BikeForLife","Yes, this message is discussing Ramathibodi Hospital. The user mentions various aspects related to the hospital, including their experience there and the Ramathibodi Foundation."
"#‡∏ú‡∏π‡πâ‡∏õ‡πà‡∏ß‡∏¢‡∏ô‡∏≠‡∏Å ‡∏ß‡∏á‡πÄ‡∏á‡∏¥‡∏ô 100 ‡∏•‡πâ‡∏≤‡∏ôüò±
‚úÖ ‡∏Ñ‡πà‡∏≤‡∏´‡πâ‡∏≠‡∏á 15,000- ‡∏ö‡∏≤‡∏ó/‡∏Ñ‡∏∑‡∏ô
‚úÖ ‡∏Ñ‡∏•‡∏≠‡∏î‡∏ö‡∏∏‡∏ï‡∏£‡πÄ‡∏ö‡∏¥‡∏Å‡πÑ‡∏î‡πâ 200,000-400,000 ‡∏ö‡∏≤‡∏ó
‚úÖ ‡∏°‡∏µ‡∏ß‡∏á‡πÄ‡∏á‡∏¥‡∏ô‡∏Ñ‡πà‡∏≤‡∏£‡∏±‡∏Å‡∏©‡∏≤ 100 ‡∏•‡πâ‡∏≤‡∏ô‡∏ö‡∏≤‡∏ó / ‡∏õ‡∏µ
‚úÖ ‡πÄ‡∏ö‡∏¥‡∏Å‡πÑ‡∏î‡πâ‡∏ó‡∏±‡πâ‡∏á‡∏ú‡∏π‡πâ‡∏õ‡πà‡∏ß‡∏¢‡∏ô‡∏≠‡∏Å ‡πÅ‡∏•‡∏∞‡∏ú‡∏π‡πâ‡∏õ‡πà‡∏ß‡∏¢‡πÉ‡∏ô
‚úÖ ‡∏â‡∏µ‡∏î‡∏ß‡∏±‡∏Ñ‡∏ã‡∏µ‡∏ô ‡∏ó‡∏±‡∏ô‡∏ï‡∏Å‡∏£‡∏£‡∏° ‡πÅ‡∏•‡∏∞‡∏™‡∏≤‡∏¢‡∏ï‡∏≤ ‡πÄ‡∏ö‡∏¥‡∏Å‡πÑ‡∏î‡πâ
‚úÖ ‡∏£‡∏±‡∏ö‡∏Ñ‡πà‡∏≤‡∏ï‡∏£‡∏ß‡∏à‡∏™‡∏∏‡∏Ç‡∏†‡∏≤‡∏û ‡∏™‡∏π‡∏á‡∏™‡∏∏‡∏î‡∏ñ‡∏∂‡∏á 20,000 ‡∏ö‡∏≤‡∏ó/‡∏õ‡∏µ
.
‡∏≠‡∏±‡∏û‡πÄ‡∏î‡∏ó‡πÉ‡∏´‡∏°‡πà üéâ
‡πÉ‡∏ä‡πâ‡πÑ‡∏î‡πâ‡∏ó‡∏∏‡∏Å‡πÇ‡∏£‡∏á‡∏û‡∏¢‡∏≤‡∏ö‡∏≤‡∏•‡πÉ‡∏ô‡∏õ‡∏£‡∏∞‡πÄ‡∏ó‡∏®‡πÑ‡∏ó‡∏¢
‚úÖ ‡∏£‡∏û.‡∏Å‡∏£‡∏∏‡∏á‡πÄ‡∏ó‡∏û
‚úÖ ‡∏£‡∏û.‡∏™‡∏°‡∏¥‡∏ï‡∏¥‡πÄ‡∏ß‡∏ä
‚úÖ ‡∏£‡∏û.‡∏û‡∏ç‡∏≤‡πÑ‡∏ó
‚úÖ ‡∏£‡∏û.‡∏ö‡∏≥‡∏£‡∏∏‡∏á‡∏£‡∏≤‡∏©‡∏é‡∏£‡πå
‚úÖ ‡∏£‡∏û.‡∏®‡∏¥‡∏£‡∏¥‡∏£‡∏≤‡∏ä ‡∏õ‡∏¥‡∏¢‡∏°‡∏´‡∏≤‡∏£‡∏≤‡∏ä‡∏Å‡∏≤‡∏£‡∏∏‡∏ì‡∏¢‡πå
‚úÖ ‡∏£‡∏û.‡∏£‡∏≤‡∏°‡∏≤ ‡∏û‡∏£‡∏µ‡πÄ‡∏°‡∏µ‡πà‡∏¢‡∏°
‡πÅ‡∏•‡∏∞‡πÇ‡∏£‡∏á‡∏û‡∏¢‡∏≤‡∏ö‡∏≤‡∏•‡∏ä‡∏±‡πâ‡∏ô‡∏ô‡∏≥‡πÉ‡∏ô‡πÄ‡∏Ñ‡∏£‡∏∑‡∏≠‡∏Ç‡πà‡∏≤‡∏¢‡∏≠‡∏¢‡∏∏‡∏ò‡∏¢‡∏≤‡πÅ‡∏Ñ‡∏£‡πå ‡∏ó‡∏±‡πà‡∏ß‡∏õ‡∏£‡∏∞‡πÄ‡∏ó‡∏®‡∏°‡∏≤‡∏Å‡∏ß‡πà‡∏≤‚Äã 600 ‡πÅ‡∏´‡πà‡∏á‡∏ó‡∏±‡πà‡∏ß‡∏õ‡∏£‡∏∞‡πÄ‡∏ó‡∏®
-------------
üëâ‡∏™‡∏ô‡πÉ‡∏à‡∏™‡∏≠‡∏ö‡∏ñ‡∏≤‡∏°‡πÑ‡∏î‡πâ‡∏ô‡∏∞‡∏Ñ‡∏∞
üëâ‡∏´‡∏£‡∏∑‡∏≠‡∏ô‡∏±‡∏î‡πÄ‡∏à‡∏≠‡πÄ‡∏û‡∏∑‡πà‡∏≠‡∏Ñ‡∏∏‡∏¢‡∏£‡∏≤‡∏¢‡∏•‡∏∞‡πÄ‡∏≠‡∏µ‡∏¢‡∏î
üéä‡∏™‡∏≠‡∏ö‡∏ñ‡∏≤‡∏°‡∏£‡∏≤‡∏¢‡∏•‡∏∞‡πÄ‡∏≠‡∏µ‡∏¢‡∏î‚Äã‡πÄ‡∏û‡∏¥‡πà‡∏°‡πÄ‡∏ï‡∏¥‡∏°‚Äã‡∏û‡∏£‡πâ‡∏≠‡∏°‡∏£‡∏±‡∏ö‡πÇ‡∏õ‡∏£‡πÇ‡∏°‡∏ä‡∏±‡πà‡∏ô‡∏û‡∏¥‡πÄ‡∏®‡∏©‡πÑ‡∏î‡πâ‡πÄ‡∏•‡∏¢‡∏Ñ‡πà‡∏∞‚Äã üéÅ
--------------
‡∏ï‡∏¥‡∏î‡∏ï‡πà‡∏≠ ‡∏Ñ‡∏∏‡∏ì‡∏Å‡∏∏‡∏•‡∏•‡∏¥‡∏ô‡∏µ  ‡∏®‡∏£‡∏µ‡∏ß‡∏¥‡∏ä‡∏±‡∏¢ (‡∏à‡∏∏‡∏Å‡∏à‡∏¥‡∏Å)
‡∏ï‡∏±‡∏ß‡πÅ‡∏ó‡∏ô‡∏õ‡∏£‡∏∞‡∏Å‡∏±‡∏ô‡∏ä‡∏µ‡∏ß‡∏¥‡∏ï ‡∏ö‡∏°‡∏à.‡∏≠‡∏•‡∏¥‡∏≠‡∏±‡∏ô‡∏ã‡πå ‡∏≠‡∏¢‡∏∏‡∏ò‡∏¢‡∏≤ ‡∏õ‡∏£‡∏∞‡∏Å‡∏±‡∏ô‡∏ä‡∏µ‡∏ß‡∏¥‡∏ï
‚òéÔ∏è 093-2426616
.
..
..
#HealthCare #‡∏õ‡∏£‡∏∞‡∏Å‡∏±‡∏ô‡∏™‡∏∏‡∏Ç‡∏†‡∏≤‡∏û #HealthInsurance #‡∏ï‡∏±‡∏ß‡πÅ‡∏ó‡∏ô‡∏õ‡∏£‡∏∞‡∏Å‡∏±‡∏ô‡∏ä‡∏µ‡∏ß‡∏¥‡∏ï #Allianz #‡∏≠‡∏•‡∏¥‡∏≠‡∏±‡∏ô‡∏ã‡πå‡∏≠‡∏¢‡∏∏‡∏ò‡∏¢‡∏≤ #‡∏õ‡∏£‡∏∞‡∏Å‡∏±‡∏ô‡∏Ñ‡∏•‡∏≠‡∏î‡∏ö‡∏∏‡∏ï‡∏£ #‡∏ú‡∏π‡πâ‡∏õ‡πà‡∏ß‡∏¢‡∏ô‡∏≠‡∏Å‡∏à‡πà‡∏≤‡∏¢‡∏ï‡∏≤‡∏°‡∏à‡∏£‡∏¥‡∏á
#‡πÇ‡∏£‡∏á‡∏û‡∏¢‡∏≤‡∏ö‡∏≤‡∏•‡∏Å‡∏£‡∏∏‡∏á‡πÄ‡∏ó‡∏û #‡πÇ‡∏£‡∏á‡∏û‡∏¢‡∏≤‡∏ö‡∏≤‡∏•‡∏™‡∏°‡∏¥‡∏ï‡∏¥‡πÄ‡∏ß‡∏ä #‡πÇ‡∏£‡∏á‡∏û‡∏¢‡∏≤‡∏ö‡∏≤‡∏•‡∏û‡∏ç‡∏≤‡πÑ‡∏ó #‡πÇ‡∏£‡∏á‡∏û‡∏¢‡∏≤‡∏ö‡∏≤‡∏•‡πÄ‡∏õ‡∏≤‡πÇ‡∏•‡πÄ‡∏°‡πÇ‡∏°‡πÄ‡∏£‡∏µ‡∏¢‡∏• #‡πÇ‡∏£‡∏á‡∏û‡∏¢‡∏≤‡∏ö‡∏≤‡∏•‡∏ö‡∏µ‡πÄ‡∏≠‡πá‡∏ô‡πÄ‡∏≠‡∏ä #‡πÇ‡∏£‡∏á‡∏û‡∏¢‡∏≤‡∏ö‡∏≤‡∏•‡∏ö‡∏≥‡∏£‡∏∏‡∏á‡∏£‡∏≤‡∏©‡∏é‡∏£‡πå #‡∏£‡∏≤‡∏°‡∏≤‡∏û‡∏£‡∏µ‡πÄ‡∏°‡∏µ‡πà‡∏¢‡∏° #‡πÇ‡∏£‡∏á‡∏û‡∏¢‡∏≤‡∏ö‡∏≤‡∏•‡∏®‡∏¥‡∏£‡∏¥‡∏£‡∏≤‡∏ä‡∏õ‡∏¥‡∏¢‡∏°‡∏´‡∏≤‡∏£‡∏≤‡∏ä‡∏Å‡∏≤‡∏£‡∏∏‡∏ì‡∏¢‡πå  #‡∏ï‡∏±‡∏ß‡πÅ‡∏ó‡∏ô‡∏≠‡∏•‡∏¥‡∏≠‡∏±‡∏ô‡∏ã‡πå","Yes, the message is discussing Ramathibodi as it mentions ""‡∏£‡∏≤‡∏°‡∏≤‡∏û‡∏£‡∏µ‡πÄ‡∏°‡∏µ‡πà‡∏¢‡∏°"" (Rama Premium) which is associated with the Faculty of Medicine Ramathibodi Hospital, Mahidol University."
#‡∏£‡∏≤‡∏°‡∏≤‡∏û‡∏£‡∏µ‡πÄ‡∏°‡∏µ‡πà‡∏¢‡∏° ‡∏°‡∏∑‡∏≠‡∏≠‡∏≤‡∏ä‡∏µ‡∏û ‡∏ö‡∏£‡∏¥‡∏Å‡∏≤‡∏£‡πÑ‡∏ß ‡∏ñ‡∏π‡∏Å‡πÉ‡∏à‡∏õ‡πâ‡∏≤‡∏™‡∏∏‡∏î‡πÜ‚ù§Ô∏è‚ù§Ô∏èü•∞ü•∞,Yes
"#‡∏ö‡∏£‡∏¥‡∏à‡∏≤‡∏Ñ‡πÄ‡∏•‡∏∑‡∏≠‡∏î #‡∏ö‡∏£‡∏¥‡∏à‡∏≤‡∏Ñ‡πÇ‡∏•‡∏´‡∏¥‡∏ï #‡πÇ‡∏£‡∏á‡∏û‡∏¢‡∏≤‡∏ö‡∏≤‡∏•‡∏£‡∏≤‡∏°‡∏≤‡∏ò‡∏¥‡∏ö‡∏î‡∏µ #‡∏£‡∏≤‡∏°‡∏≤‡∏û‡∏£‡∏µ‡πÄ‡∏°‡∏µ‡πà‡∏¢‡∏° 
‡∏™‡∏≥‡∏´‡∏£‡∏±‡∏ö‡∏ó‡πà‡∏≤‡∏ô‡∏ó‡∏µ‡πà‡∏™‡∏∞‡∏î‡∏ß‡∏Å‡∏ö‡∏£‡∏¥‡∏à‡∏≤‡∏Ñ‡πÄ‡∏•‡∏∑‡∏≠‡∏î‡∏Ñ‡πà‡∏∞ ^^

‡∏Ç‡∏≠‡∏≠‡∏ô‡∏∏‡∏ç‡∏≤‡∏ï‡πÅ‡∏à‡πâ‡∏á‡∏Ç‡πà‡∏≤‡∏ß 

‡πÄ‡∏ô‡∏∑‡πà‡∏≠‡∏á‡∏î‡πâ‡∏ß‡∏¢‡∏ô‡∏≤‡∏¢‡∏®‡∏∏‡∏†‡∏Å‡∏£ ‡∏ß‡∏á‡∏©‡πå‡∏Å‡∏∏‡∏´‡∏•‡∏≤‡∏ö
‡∏ô‡∏£.‡∏ä‡∏±‡πâ‡∏ô‡∏°.5/3
‡∏Å‡∏≥‡∏•‡∏±‡∏á‡πÄ‡∏ï‡∏£‡∏µ‡∏¢‡∏°‡∏à‡∏∞‡∏ú‡πà‡∏≤‡∏ï‡∏±‡∏î‡∏´‡∏•‡∏±‡∏á ‡∏ó‡∏µ‡πà‡πÇ‡∏£‡∏á‡∏û‡∏¢‡∏≤‡∏ö‡∏≤‡∏•‡∏£‡∏≤‡∏°‡∏≤ (‡∏û‡∏£‡∏µ‡πÄ‡∏°‡∏µ‡πà‡∏¢‡∏°) ‡∏ß‡∏±‡∏ô‡∏ó‡∏µ‡πà12 ‡∏°‡∏¥‡∏ñ‡∏∏‡∏ô‡∏≤‡∏¢‡∏ô 2566 ‡∏ô‡∏µ‡πâ
‡πÅ‡∏ï‡πà‡∏ó‡∏≤‡∏á‡∏£‡∏û.‡∏≠‡∏≤‡∏à‡∏°‡∏µ‡πÄ‡∏•‡∏∑‡∏≠‡∏î‡∏™‡∏≥‡∏£‡∏≠‡∏á‡πÑ‡∏°‡πà‡πÄ‡∏û‡∏µ‡∏¢‡∏á‡∏û‡∏≠ ‡∏à‡∏∂‡∏á‡∏Ç‡∏≠‡∏ö‡∏£‡∏¥‡∏à‡∏≤‡∏Ñ‡πÄ‡∏•‡∏∑‡∏≠‡∏î‡∏Å‡∏£‡∏∏‡πä‡∏õ A 
(*)‡∏ú‡∏π‡πâ‡∏ö‡∏£‡∏¥‡∏à‡∏≤‡∏Ñ‡∏à‡∏∞‡πÄ‡∏õ‡πá‡∏ô‡πÄ‡∏•‡∏∑‡∏≠‡∏î‡∏Å‡∏£‡∏∏‡πä‡∏õ‡πÉ‡∏î‡∏Å‡πá‡πÑ‡∏î‡πâ ‡∏™‡∏≤‡∏°‡∏≤‡∏£‡∏ñ‡∏ô‡∏≥‡∏°‡∏≤‡πÅ‡∏•‡∏Å‡πÄ‡∏õ‡πá‡∏ô‡∏Å‡∏£‡∏∏‡πä‡∏õ A ‡πÑ‡∏î‡πâ 
(*) ‡∏™‡∏≤‡∏°‡∏≤‡∏£‡∏ñ‡∏ö‡∏£‡∏¥‡∏à‡∏≤‡∏Ñ‡πÑ‡∏î‡πâ‡∏ó‡∏µ‡πà ‡πÇ‡∏£‡∏á‡∏û‡∏¢‡∏≤‡∏ö‡∏≤‡∏•‡∏£‡∏≤‡∏°‡∏≤ (‡πÄ‡∏Ç‡∏µ‡∏¢‡∏ô‡∏Å‡∏≥‡∏Å‡∏±‡∏ö‡∏ß‡πà‡∏≤‡πÄ‡∏û‡∏∑‡πà‡∏≠‡∏ô‡∏≤‡∏¢‡∏®‡∏∏‡∏†‡∏Å‡∏£ ‡∏ß‡∏á‡∏©‡πå‡∏Å‡∏∏‡∏´‡∏•‡∏≤‡∏ö)

‡∏Å‡∏£‡∏≤‡∏ö‡∏Ç‡∏≠‡∏ö‡∏û‡∏£‡∏∞‡∏Ñ‡∏∏‡∏ì‡πÄ‡∏õ‡πá‡∏ô‡∏≠‡∏¢‡πà‡∏≤‡∏á‡∏™‡∏π‡∏á
‡∏ú‡∏õ‡∏Ñ.‡∏ô‡∏≤‡∏¢‡∏®‡∏∏‡∏†‡∏Å‡∏£ ‡∏ß‡∏á‡∏©‡πå‡∏Å‡∏∏‡∏´‡∏•‡∏≤‡∏ö","Yes, this message is discussing Ramathibodi Hospital. It mentions the need for blood donation due to insufficient supply for a patient named ‡∏ô‡∏≤‡∏¢‡∏®‡∏∏‡∏†‡∏Å‡∏£ ‡∏ß‡∏á‡∏©‡πå‡∏Å‡∏∏‡∏´‡∏•‡∏≤‡∏ö who will undergo surgery at Ramathibodi Hospital (‡∏û‡∏£‡∏µ‡πÄ‡∏°‡∏µ‡πà‡∏¢‡∏°). The hospital is requesting blood donations specifically for group A, but any blood group can be donated and then exchanged for group A if needed. Donations should be made at Ramathibodi Hospital, specifying that they are for ‡∏ô‡∏≤‡∏¢‡∏®‡∏∏‡∏†‡∏Å‡∏£ ‡∏ß‡∏á‡∏©‡πå‡∏Å‡∏∏‡∏´‡∏•‡∏≤‡∏ö."
Walking alone üë£ ‡∏ö‡∏≤‡∏á‡πÄ‡∏™‡πâ‡∏ô‡∏ó‡∏≤‡∏á‡∏Å‡πá‡πÑ‡∏°‡πà‡πÑ‡∏î‡πâ‡πÄ‡∏•‡∏∑‡∏≠‡∏Å ‡πÅ‡∏•‡∏∞‡πÑ‡∏°‡πà‡∏≠‡∏¢‡∏≤‡∏Å‡πÄ‡∏•‡∏∑‡∏≠‡∏Å ‡πÅ‡∏ï‡πà‡∏ä‡∏µ‡∏ß‡∏¥‡∏ï‡∏°‡∏±‡∏ô‡∏°‡∏≤‡πÅ‡∏ö‡∏ö‡∏ô‡∏µ‡πâ ‡∏´‡∏ô‡πâ‡∏≤‡∏ó‡∏µ‡πà‡∏Ç‡∏≠‡∏á‡πÄ‡∏£‡∏≤‡∏Å‡πá‡∏Ñ‡∏∑‡∏≠ ‡πÄ‡∏î‡∏¥‡∏ô‡∏î‡πâ‡∏ß‡∏¢‡∏Ñ‡∏ß‡∏≤‡∏°‡πÑ‡∏°‡πà‡∏õ‡∏£‡∏∞‡∏°‡∏≤‡∏ó ‡πÉ‡∏ä‡πâ‡∏ó‡∏∏‡∏Å‡πÄ‡∏™‡πâ‡∏ô‡∏ó‡∏≤‡∏á‡πÉ‡∏´‡πâ‡πÄ‡∏Å‡∏¥‡∏î‡∏õ‡∏£‡∏∞‡πÇ‡∏¢‡∏ä‡∏ô‡πå ‡πÇ‡∏ä‡∏Ñ‡∏î‡∏µ‡πÄ‡∏ó‡πà‡∏≤‡πÑ‡∏´‡∏£‡πà‡∏ó‡∏µ‡πà‡∏¢‡∏±‡∏á‡∏°‡∏µ‡∏™‡∏≠‡∏á‡∏Ç‡∏≤‡πÅ‡∏Ç‡πá‡∏á‡πÅ‡∏£‡∏á‡πÅ‡∏•‡∏∞‡πÄ‡∏™‡πâ‡∏ô‡∏ó‡∏≤‡∏á‡πÉ‡∏´‡πâ‡πÄ‡∏î‡∏¥‡∏ô  ‡∏°‡∏±‡∏ô‡∏Å‡πá‡πÅ‡∏Ñ‡πà‡πÅ‡∏ö‡∏ö‡∏ó‡∏î‡∏™‡∏≠‡∏ö ‡πÉ‡∏à‡∏ó‡∏µ‡πà‡∏°‡∏±‡πà‡∏ô‡∏Ñ‡∏á‡∏à‡∏∞‡∏ô‡∏≥‡∏û‡∏≤‡πÄ‡∏£‡∏≤ ‡πÉ‡∏´‡πâ‡∏™‡∏π‡πà‡∏à‡∏∏‡∏î‡∏´‡∏°‡∏≤‡∏¢‡πÑ‡∏î‡πâ‡∏≠‡∏¢‡πà‡∏≤‡∏á‡∏õ‡∏•‡∏≠‡∏î‡∏†‡∏±‡∏¢ üêöüçÅüçÇüå∑#‡∏£‡∏≤‡∏°‡∏≤‡∏û‡∏£‡∏µ‡πÄ‡∏°‡∏µ‡πà‡∏¢‡∏° #‡∏Ñ‡∏ß‡∏≤‡∏°‡πÑ‡∏°‡πà‡∏°‡∏µ‡πÇ‡∏£‡∏Ñ‡πÄ‡∏õ‡πá‡∏ô‡∏•‡∏≤‡∏†‡∏≠‡∏±‡∏ô‡∏õ‡∏£‡∏∞‡πÄ‡∏™‡∏£‡∏¥‡∏ê #‡∏â‡∏±‡∏ô‡πÉ‡∏ô‡∏ß‡∏±‡∏ô‡∏ô‡∏µ‡πâ‡∏ó‡∏≥‡∏î‡∏µ‡∏ó‡∏µ‡πà‡∏™‡∏∏‡∏î‡πÅ‡∏•‡πâ‡∏ß #‡∏ä‡∏µ‡∏ß‡∏¥‡∏ï‡∏´‡∏°‡∏≠‡∏î‡∏π #‡πÑ‡∏û‡πà‡∏¢‡∏¥‡∏õ‡∏ã‡∏µ‡∏à‡∏±‡∏Å‡∏£‡∏ß‡∏≤‡∏• #‡πÄ‡∏•‡∏Ç‡∏®‡∏≤‡∏™‡∏ï‡∏£‡πå‡πÄ‡∏®‡∏£‡∏©‡∏ê‡∏µ,"No. This message is not talking about Ramathibodi. It appears to be a personal reflection or motivational quote unrelated to the Faculty of Medicine Ramathibodi Hospital, Mahidol University."
‡πÑ‡∏õ‡∏´‡∏≤‡∏´‡∏°‡∏≠‡∏à‡∏£‡∏¥‡∏á‡πÜ‡∏ô‡∏∞ #‡πÄ‡∏à‡∏≠‡πÄ‡∏û‡∏∑‡πà‡∏≠‡∏ô‡∏ö‡πâ‡∏≤‡∏á #‡πÄ‡∏à‡∏≠‡∏Ñ‡∏ô‡∏ó‡∏µ‡πà‡∏ä‡∏∑‡πà‡∏ô‡∏ä‡∏≠‡∏ö‡∏ö‡πâ‡∏≤‡∏á #‡∏≠‡∏≤‡∏´‡∏≤‡∏£‡∏≠‡∏£‡πà‡∏≠‡∏¢ #‡∏ö‡∏£‡∏£‡∏¢‡∏≤‡∏Å‡∏≤‡∏®‡∏î‡∏µ #‡πÄ‡∏à‡πâ‡∏≤‡∏Ç‡∏≠‡∏á‡∏´‡∏•‡πà‡∏≠ #‡πÄ‡∏•‡∏≠‡∏ó‡∏≤‡∏ô‡πà‡∏≤‡∏à‡∏∏‡∏î‡∏ô‡∏±‡∏î‡∏û‡∏ö‡∏Ç‡∏≠‡∏á‡∏Ñ‡∏ô‡∏ö‡∏≤‡∏á‡∏û‡∏•‡∏µ24‡∏ä‡∏° #‡∏£‡∏≤‡∏°‡∏≤‡∏û‡∏£‡∏µ‡πÄ‡∏°‡∏µ‡πà‡∏¢‡∏°,Yes
#‡∏£‡∏≤‡∏°‡∏≤‡∏û‡∏£‡∏µ‡πÄ‡∏°‡∏µ‡πà‡∏¢‡∏° #‡∏´‡∏°‡∏≠‡πÄ‡∏Å‡πà‡∏á‡∏°‡∏≤‡∏Å ‡∏°‡∏≤‡∏£‡∏±‡∏Å‡∏©‡∏≤‡∏õ‡∏•‡∏≤‡∏¢‡πÄ‡∏™‡πâ‡∏ô‡∏õ‡∏£‡∏∞‡∏™‡πà‡∏≤‡∏ó‡∏≠‡∏±‡∏Å‡πÄ‡∏™‡∏ö 2‡πÄ‡∏î‡∏∑‡∏≠‡∏ô‡∏´‡∏≤‡∏¢100%,Yes
‡∏ß‡∏±‡∏ô‡∏ô‡∏µ‡πâ‡∏û‡∏ö‡∏≠‡∏≤‡∏à‡∏≤‡∏£‡∏¢‡πå‡∏Å‡∏ô‡∏Å‡∏û‡∏£‡∏£‡∏ì #‡∏Ñ‡∏∏‡∏ì‡∏´‡∏°‡∏≠‡∏û‡∏±‡∏í‡∏ô‡∏≤‡∏Å‡∏≤‡∏£‡πÅ‡∏•‡∏∞‡∏û‡∏§‡∏ï‡∏¥‡∏Å‡∏£‡∏£‡∏°‡∏Å‡πâ‡∏≤‡∏ß‡∏£‡πâ‡∏≤‡∏ß  ‡∏Ñ‡∏∏‡∏ì‡∏´‡∏°‡∏≠‡∏ö‡∏≠‡∏Å‡∏ß‡πà‡∏≤‡∏ô‡∏∞‡πÇ‡∏°‡∏°‡∏µ‡∏û‡∏±‡∏í‡∏ô‡∏≤‡∏Å‡∏≤‡∏£‡∏ó‡∏µ‡πà‡∏™‡∏°‡∏ß‡∏±‡∏¢ ‡∏£‡∏π‡πâ‡∏à‡∏±‡∏Å‡∏õ‡∏è‡∏¥‡πÄ‡∏™‡∏ò‡πÅ‡∏•‡∏∞‡∏ï‡∏≠‡∏ö‡πÇ‡∏ï‡πâ‡πÉ‡∏ô‡∏™‡∏¥‡πà‡∏á‡∏ó‡∏µ‡πà‡∏ï‡∏ô‡πÄ‡∏≠‡∏á‡∏ä‡∏≠‡∏ö‡πÅ‡∏•‡∏∞‡πÑ‡∏°‡πà‡∏ä‡∏≠‡∏ö ‡∏™‡∏∑‡πà‡∏≠‡∏™‡∏≤‡∏£‡πÅ‡∏•‡∏∞‡∏ï‡∏≠‡∏ö‡∏Ñ‡∏≥‡∏ñ‡∏≤‡∏°‡πÑ‡∏î‡πâ‡∏î‡∏µ ‡∏ó‡∏±‡πâ‡∏á‡∏†‡∏≤‡∏©‡∏≤‡πÑ‡∏ó‡∏¢‡πÅ‡∏•‡∏∞‡∏†‡∏≤‡∏©‡∏≤‡∏≠‡∏±‡∏á‡∏Å‡∏§‡∏© #‡∏û‡∏±‡∏í‡∏ô‡∏≤‡∏Å‡∏≤‡∏£‡∏î‡πâ‡∏≤‡∏ô‡∏™‡∏°‡∏≠‡∏á‡∏™‡∏°‡∏ß‡∏±‡∏¢‡∏´‡∏£‡∏∑‡∏≠‡∏≠‡∏≤‡∏à‡∏à‡∏∞‡πÄ‡∏ó‡πà‡∏≤‡πÄ‡∏ó‡∏µ‡∏¢‡∏°‡πÄ‡∏î‡πá‡∏Å4‡∏Ç‡∏ß‡∏ö ‡∏ß‡∏±‡∏ô‡∏ô‡∏µ‡πâ‡∏£‡∏π‡πâ‡∏à‡∏±‡∏Å‡∏™‡∏±‡∏ï‡∏ß‡πå‡∏ó‡∏∏‡∏Å‡∏ä‡∏ô‡∏¥‡∏î‡∏ó‡∏µ‡πà‡∏´‡∏°‡∏≠‡∏ñ‡∏≤‡∏° ‡∏£‡∏π‡πâ‡∏à‡∏±‡∏Å‡∏™‡∏µ‡∏ó‡∏∏‡∏Å‡∏™‡∏µ‡∏ó‡∏µ‡πà‡∏´‡∏°‡∏≠‡∏ä‡∏µ‡πâ ‡∏¢‡∏±‡∏á‡∏Ñ‡∏á‡πÄ‡∏õ‡πá‡∏ô‡πÄ‡∏î‡πá‡∏Å‡∏ó‡∏µ‡πà‡∏°‡∏µ‡∏Ñ‡∏ß‡∏≤‡∏°‡πÄ‡∏õ‡πá‡∏ô‡∏ï‡∏±‡∏ß‡∏Ç‡∏≠‡∏á‡∏ï‡∏±‡∏ß‡πÄ‡∏≠‡∏á‡∏Ñ‡πà‡∏≠‡∏ô‡∏Ç‡πâ‡∏≤‡∏á‡∏™‡∏π‡∏á ‡∏°‡∏µ energy ‡πÄ‡∏¢‡∏≠‡∏∞ #3‡∏Ç‡∏ß‡∏ö #‡∏™‡∏ï‡∏≠‡∏£‡∏µ‡πà‡∏Ñ‡∏ß‡∏≤‡∏°‡∏£‡∏π‡πâ‡∏™‡∏∂‡∏Å #‡∏ö‡∏±‡∏ô‡∏ó‡∏∂‡∏Å‡∏Ç‡∏≠‡∏á‡πÅ‡∏°‡πà #babyboy #‡∏Ñ‡∏£‡∏≠‡∏ö‡∏Ñ‡∏£‡∏±‡∏ß‡∏ï‡πç‡∏≤‡∏£‡∏ß‡∏à #‡∏£‡∏≤‡∏°‡∏≤‡∏û‡∏£‡∏µ‡πÄ‡∏°‡∏µ‡πà‡∏¢‡∏° #3‡∏Ç‡∏ß‡∏ö #‡∏ö‡∏±‡∏ô‡∏ó‡∏∂‡∏Å‡∏Ç‡∏≠‡∏á‡πÅ‡∏°‡πà 31/01/2568 ‡∏ö‡∏±‡∏ô‡∏ó‡∏∂‡∏Å‡∏Ç‡∏≠‡∏á‡∏ô‡∏∞‡πÇ‡∏°,"Yes, this message is discussing Ramathibodi as it mentions ""‡∏£‡∏≤‡∏°‡∏≤‡∏û‡∏£‡∏µ‡πÄ‡∏°‡∏µ‡πà‡∏¢‡∏°"" which is associated with the Faculty of Medicine Ramathibodi Hospital, Mahidol University."
"VAC 2Y ‡∏â‡∏µ‡∏î JE ‡∏Å‡∏±‡∏ö ‡∏≠‡∏µ‡∏™‡∏∏‡∏Å‡∏≠‡∏µ‡πÉ‡∏™
25/01/2567
#‡∏£‡∏≤‡∏°‡∏≤‡∏û‡∏£‡∏µ‡πÄ‡∏°‡∏µ‡πà‡∏¢‡∏° #2‡∏Ç‡∏ß‡∏ö #babyboy","No. This message is discussing vaccination for chickenpox (varicella) and Japanese encephalitis (JE) in a two-year-old boy named VAC 2Y. The hashtags ""#‡∏£‡∏≤‡∏°‡∏≤‡∏û‡∏£‡∏µ‡πÄ‡∏°‡∏µ‡πà‡∏¢‡∏°"" and ""#2‡∏Ç‡∏ß‡∏ö"" refer to the child's age and the premium services offered by Ramathibodi Hospital, but they do not indicate that the message is specifically about the Faculty of Medicine Ramathibodi Hospital, Mahidol University."
"ü•≥ ‡∏™ ‡∏ß‡∏± ‡∏™ ‡∏î‡∏µ ‡∏õ‡∏µ ‡πÉ ‡∏´ ‡∏°‡πà ‚ú®
‡∏Ñ‡∏∏‡∏ì‡∏´‡∏°‡∏≠‡∏ú‡∏π‡πâ‡∏ô‡πà‡∏≤‡∏£‡∏±‡∏Å‡∏Ç‡∏≠‡∏á‡∏´‡∏ô‡∏π ‡∏ï‡∏≠‡∏ö‡∏ó‡∏∏‡∏Å‡∏ñ‡∏≤‡∏° ‡πÑ‡∏Ç‡∏ó‡∏∏‡∏Å‡∏Ç‡πâ‡∏≠‡∏Ç‡πâ‡∏≠‡∏á‡πÉ‡∏à ‡πÑ‡∏°‡πà‡πÄ‡∏Ñ‡∏¢‡∏£‡∏≥‡∏Ñ‡∏≤‡∏ç ‡∏î‡∏π‡πÅ‡∏•‡∏î‡∏µ‡∏°‡∏≤‡∏Å ‡∏ô‡πà‡∏≤‡∏£‡πä‡∏≤‡∏Å‡∏Å‡∏Å üòä

#‡∏£‡∏≤‡∏°‡∏≤‡∏û‡∏£‡∏µ‡πÄ‡∏°‡∏µ‡πà‡∏¢‡∏° 
#‡∏´‡∏°‡∏≠‡∏£‡∏≤‡∏°‡∏≤‡πÉ‡∏à‡∏î‡∏µ","Yes, this message is talking about Ramathibodi."
"‡∏ñ‡∏≤‡∏°‡∏°‡∏≤‡πÑ‡∏î‡πâ‡πÄ‡∏•‡∏¢ ‡πÅ‡∏Ñ‡πà‡∏ô‡∏µ‡πâ‡∏™‡∏ö‡∏≤‡∏¢‡∏°‡∏≤‡∏Å 

‡∏´‡∏°‡∏≠‡∏´‡∏ô‡∏π‡πÉ‡∏à‡∏î‡∏µ‡∏™‡∏∏‡∏î‡πÅ‡∏•‡πâ‡∏ß ü§ç
#‡∏´‡∏°‡∏≠‡∏£‡∏≤‡∏°‡∏≤ #‡∏£‡∏≤‡∏°‡∏≤‡∏û‡∏£‡∏µ‡πÄ‡∏°‡∏µ‡πà‡∏¢‡∏°",Yes
"‡∏õ‡∏£‡∏∞‡πÇ‡∏¢‡∏Ñ‡∏ó‡∏µ‡πà‡∏Ñ‡∏∏‡πâ‡∏ô‡πÄ‡∏Ñ‡∏¢
‚Äú‡∏°‡∏≤‡∏≠‡∏µ‡∏Å‡πÅ‡∏•‡πâ‡∏ß‚Äù ü§£ü§£ü§£
‡∏≠.‡∏´‡∏°‡∏≠‡πÄ‡∏õ‡πá‡∏ô‡∏Ñ‡∏ô‡∏ï‡∏•‡∏Å 

#‡∏£‡∏≤‡∏°‡∏≤‡∏û‡∏£‡∏µ‡πÄ‡∏°‡∏µ‡πà‡∏¢‡∏°",Yes
"#‡∏ú‡∏π‡πâ‡∏õ‡πà‡∏ß‡∏¢‡∏ô‡∏≠‡∏Å ‡∏´‡∏≤‡∏´‡∏°‡∏≠‡πÅ‡∏ö‡∏ö‡πÑ‡∏°‡πà‡∏ô‡∏≠‡∏ô‡πÇ‡∏£‡∏á‡∏û‡∏¢‡∏≤‡∏ö‡∏≤‡∏•
‡∏à‡πà‡∏≤‡∏¢‡∏ï‡∏≤‡∏°‡∏à‡∏£‡∏¥‡∏á ‡∏ß‡∏á‡πÄ‡∏á‡∏¥‡∏ô 100 ‡∏•‡πâ‡∏≤‡∏ô‡∏ï‡πà‡∏≠‡∏õ‡∏µ

‚úÖ ‡∏Ñ‡πà‡∏≤‡∏´‡πâ‡∏≠‡∏á 15,000- ‡∏ö‡∏≤‡∏ó/‡∏Ñ‡∏∑‡∏ôüè•
‚úÖ ‡∏Ñ‡∏•‡∏≠‡∏î‡∏ö‡∏∏‡∏ï‡∏£‡πÄ‡∏ö‡∏¥‡∏Å‡πÑ‡∏î‡πâ 200,000-400,000 ‡∏ö‡∏≤‡∏óü§∞
‚úÖ ‡∏°‡∏µ‡∏ß‡∏á‡πÄ‡∏á‡∏¥‡∏ô‡∏Ñ‡πà‡∏≤‡∏£‡∏±‡∏Å‡∏©‡∏≤ 100 ‡∏•‡πâ‡∏≤‡∏ô‡∏ö‡∏≤‡∏ó / ‡∏õ‡∏µ
‚úÖ ‡πÄ‡∏ö‡∏¥‡∏Å‡πÑ‡∏î‡πâ‡∏ó‡∏±‡πâ‡∏á‡∏ú‡∏π‡πâ‡∏õ‡πà‡∏ß‡∏¢‡∏ô‡∏≠‡∏Å ‡πÅ‡∏•‡∏∞‡∏ú‡∏π‡πâ‡∏õ‡πà‡∏ß‡∏¢‡πÉ‡∏ô
‚úÖ ‡∏â‡∏µ‡∏î‡∏ß‡∏±‡∏Ñ‡∏ã‡∏µ‡∏ô ‡∏ó‡∏±‡∏ô‡∏ï‡∏Å‡∏£‡∏£‡∏° ‡πÅ‡∏•‡∏∞‡∏™‡∏≤‡∏¢‡∏ï‡∏≤ ‡πÄ‡∏ö‡∏¥‡∏Å‡πÑ‡∏î‡πâ
‚úÖ ‡∏£‡∏±‡∏ö‡∏Ñ‡πà‡∏≤‡∏ï‡∏£‡∏ß‡∏à‡∏™‡∏∏‡∏Ç‡∏†‡∏≤‡∏û ‡∏™‡∏π‡∏á‡∏™‡∏∏‡∏î‡∏ñ‡∏∂‡∏á 20,000 ‡∏ö‡∏≤‡∏ó/‡∏õ‡∏µ

.
‡∏≠‡∏±‡∏û‡πÄ‡∏î‡∏ó‡πÉ‡∏´‡∏°‡πà üéâ
‡πÉ‡∏ä‡πâ‡πÑ‡∏î‡πâ‡∏ó‡∏∏‡∏Å‡πÇ‡∏£‡∏á‡∏û‡∏¢‡∏≤‡∏ö‡∏≤‡∏•‡πÉ‡∏ô‡∏õ‡∏£‡∏∞‡πÄ‡∏ó‡∏®‡πÑ‡∏ó‡∏¢
‚úÖ ‡∏£‡∏û.‡∏Å‡∏£‡∏∏‡∏á‡πÄ‡∏ó‡∏û
‚úÖ ‡∏£‡∏û.‡∏ö‡∏≥‡∏£‡∏∏‡∏á‡∏£‡∏≤‡∏©‡∏é‡∏£‡πå
‚úÖ ‡∏£‡∏û.‡∏®‡∏¥‡∏£‡∏¥‡∏£‡∏≤‡∏ä ‡∏õ‡∏¥‡∏¢‡∏°‡∏´‡∏≤‡∏£‡∏≤‡∏ä‡∏Å‡∏≤‡∏£‡∏∏‡∏ì‡∏¢‡πå
‚úÖ ‡∏£‡∏û.‡∏£‡∏≤‡∏°‡∏≤ ‡∏û‡∏£‡∏µ‡πÄ‡∏°‡∏µ‡πà‡∏¢‡∏°
‚úÖ ‡∏£‡∏û.‡πÄ‡∏°‡∏î‡∏û‡∏≤‡∏£‡πå‡∏Ñ 
‡πÅ‡∏•‡∏∞‡πÇ‡∏£‡∏á‡∏û‡∏¢‡∏≤‡∏ö‡∏≤‡∏•‡∏ä‡∏±‡πâ‡∏ô‡∏ô‡∏≥‡πÉ‡∏ô‡πÄ‡∏Ñ‡∏£‡∏∑‡∏≠‡∏Ç‡πà‡∏≤‡∏¢‡∏≠‡∏¢‡∏∏‡∏ò‡∏¢‡∏≤‡πÅ‡∏Ñ‡∏£‡πå ‡∏ó‡∏±‡πà‡∏ß‡∏õ‡∏£‡∏∞‡πÄ‡∏ó‡∏®‡∏°‡∏≤‡∏Å‡∏ß‡πà‡∏≤‚Äã 600 ‡πÅ‡∏´‡πà‡∏á‡∏ó‡∏±‡πà‡∏ß‡∏õ‡∏£‡∏∞‡πÄ‡∏ó‡∏®
-------------

üëâ‡∏™‡∏ô‡πÉ‡∏à‡∏™‡∏≠‡∏ö‡∏ñ‡∏≤‡∏°‡πÑ‡∏î‡πâ‡∏ô‡∏∞‡∏Ñ‡∏∞
üëâ‡∏´‡∏£‡∏∑‡∏≠‡∏ô‡∏±‡∏î‡πÄ‡∏à‡∏≠‡πÄ‡∏û‡∏∑‡πà‡∏≠‡∏Ñ‡∏∏‡∏¢‡∏£‡∏≤‡∏¢‡∏•‡∏∞‡πÄ‡∏≠‡∏µ‡∏¢‡∏î
üéä‡∏™‡∏≠‡∏ö‡∏ñ‡∏≤‡∏°‡∏£‡∏≤‡∏¢‡∏•‡∏∞‡πÄ‡∏≠‡∏µ‡∏¢‡∏î‚Äã‡πÄ‡∏û‡∏¥‡πà‡∏°‡πÄ‡∏ï‡∏¥‡∏°‚Äã‡∏û‡∏£‡πâ‡∏≠‡∏°‡∏£‡∏±‡∏ö‡πÇ‡∏õ‡∏£‡πÇ‡∏°‡∏ä‡∏±‡πà‡∏ô‡∏û‡∏¥‡πÄ‡∏®‡∏©‡πÑ‡∏î‡πâ‡πÄ‡∏•‡∏¢‡∏Ñ‡πà‡∏∞‚Äã üéÅ
--------------

‡∏ñ‡∏≤‡∏°‡∏ï‡∏≠‡∏ö‡∏ó‡∏∏‡∏Å‡∏Ç‡πâ‡∏≠‡∏™‡∏á‡∏™‡∏±‡∏¢‡πÄ‡∏Å‡∏µ‡πà‡∏¢‡∏ß‡∏õ‡∏£‡∏∞‡∏Å‡∏±‡∏ô  ‡∏ó‡∏ö‡∏ó‡∏ß‡∏ö‡∏Å‡∏£‡∏°‡∏ò‡∏£‡∏£‡∏°‡πå‡∏ó‡∏µ‡πà‡∏°‡∏µ‡∏≠‡∏¢‡∏π‡πà‡πÅ‡∏•‡πâ‡∏ß‡∏ß‡πà‡∏≤‡∏Ñ‡∏∏‡πâ‡∏°‡∏Ñ‡∏£‡∏≠‡∏á‡∏≠‡∏∞‡πÑ‡∏£‡∏ö‡πâ‡∏≤‡∏á ‡∏ó‡∏±‡∏Å‡∏°‡∏≤‡∏õ‡∏£‡∏∂‡∏Å‡∏©‡∏≤‡πÑ‡∏î‡πâ‡πÄ‡∏•‡∏¢‡∏Ñ‡∏∞

‡∏ô‡∏≠‡∏Å‡∏à‡∏≤‡∏Å‡πÅ‡∏ö‡∏ö‡∏õ‡∏£‡∏∞‡∏Å‡∏±‡∏ô‡∏ó‡∏µ‡πà‡∏î‡∏µ‡πÅ‡∏•‡∏∞‡πÄ‡∏´‡∏°‡∏≤‡∏∞‡∏™‡∏°
‡∏™‡∏¥‡πà‡∏á‡∏ó‡∏µ‡πà‡∏™‡∏≥‡∏Ñ‡∏±‡∏ç‡∏ó‡∏µ‡πà‡∏™‡∏∏‡∏î‡∏Ñ‡∏∑‡∏≠ ""‡∏ï‡∏±‡∏ß‡πÅ‡∏ó‡∏ô""

‚úÖ ‡∏ï‡∏¥‡∏î‡∏ï‡πà‡∏≠‡πÑ‡∏î‡πâ‡πÑ‡∏ß ‚úÖ ‡πÑ‡∏°‡πà‡∏´‡∏≤‡∏¢‡πÑ‡∏õ‡πÑ‡∏´‡∏ô
‚úÖ ‡∏£‡∏ß‡∏î‡πÄ‡∏£‡πá‡∏ß‡∏â‡∏±‡∏ö‡πÑ‡∏ß ‚úÖ ‡∏û‡∏£‡πâ‡∏≠‡∏°‡πÉ‡∏´‡πâ‡∏ö‡∏£‡∏¥‡∏Å‡∏≤‡∏£
.
..
#HealthCare #‡∏õ‡∏£‡∏∞‡∏Å‡∏±‡∏ô‡∏™‡∏∏‡∏Ç‡∏†‡∏≤‡∏û #HealthInsurance #‡∏ï‡∏±‡∏ß‡πÅ‡∏ó‡∏ô‡∏õ‡∏£‡∏∞‡∏Å‡∏±‡∏ô‡∏ä‡∏µ‡∏ß‡∏¥‡∏ï #Allianz #‡∏≠‡∏•‡∏¥‡∏≠‡∏±‡∏ô‡∏ã‡πå‡∏≠‡∏¢‡∏∏‡∏ò‡∏¢‡∏≤ #‡∏õ‡∏£‡∏∞‡∏Å‡∏±‡∏ô‡∏Ñ‡∏•‡∏≠‡∏î‡∏ö‡∏∏‡∏ï‡∏£ #‡∏ú‡∏π‡πâ‡∏õ‡πà‡∏ß‡∏¢‡∏ô‡∏≠‡∏Å‡∏à‡πà‡∏≤‡∏¢‡∏ï‡∏≤‡∏°‡∏à‡∏£‡∏¥‡∏á
#‡πÇ‡∏£‡∏á‡∏û‡∏¢‡∏≤‡∏ö‡∏≤‡∏•‡∏Å‡∏£‡∏∏‡∏á‡πÄ‡∏ó‡∏û #‡πÇ‡∏£‡∏á‡∏û‡∏¢‡∏≤‡∏ö‡∏≤‡∏•‡∏™‡∏°‡∏¥‡∏ï‡∏¥‡πÄ‡∏ß‡∏ä #‡πÇ‡∏£‡∏á‡∏û‡∏¢‡∏≤‡∏ö‡∏≤‡∏•‡∏û‡∏ç‡∏≤‡πÑ‡∏ó #‡πÇ‡∏£‡∏á‡∏û‡∏¢‡∏≤‡∏ö‡∏≤‡∏•‡πÄ‡∏õ‡∏≤‡πÇ‡∏•‡πÄ‡∏°‡πÇ‡∏°‡πÄ‡∏£‡∏µ‡∏¢‡∏• #‡πÇ‡∏£‡∏á‡∏û‡∏¢‡∏≤‡∏ö‡∏≤‡∏•‡∏ö‡∏µ‡πÄ‡∏≠‡πá‡∏ô‡πÄ‡∏≠‡∏ä #‡πÇ‡∏£‡∏á‡∏û‡∏¢‡∏≤‡∏ö‡∏≤‡∏•‡∏ö‡∏≥‡∏£‡∏∏‡∏á‡∏£‡∏≤‡∏©‡∏é‡∏£‡πå #‡∏£‡∏≤‡∏°‡∏≤‡∏û‡∏£‡∏µ‡πÄ‡∏°‡∏µ‡πà‡∏¢‡∏° #‡πÇ‡∏£‡∏á‡∏û‡∏¢‡∏≤‡∏ö‡∏≤‡∏•‡∏®‡∏¥‡∏£‡∏¥‡∏£‡∏≤‡∏ä‡∏õ‡∏¥‡∏¢‡∏°‡∏´‡∏≤‡∏£‡∏≤‡∏ä‡∏Å‡∏≤‡∏£‡∏∏‡∏ì‡∏¢‡πå #‡πÇ‡∏£‡∏á‡∏û‡∏¢‡∏≤‡∏ö‡∏≤‡∏•‡πÄ‡∏°‡∏î‡∏û‡∏≤‡∏£‡πå‡∏Ñ #‡∏ï‡∏±‡∏ß‡πÅ‡∏ó‡∏ô‡∏≠‡∏•‡∏¥‡∏≠‡∏±‡∏ô‡∏ã‡πå‡∏≠‡∏¢‡∏∏‡∏ò‡∏¢‡∏≤","Yes, this message is discussing Ramathibodi as it mentions ""‡∏£‡∏≤‡∏°‡∏≤ ‡∏û‡∏£‡∏µ‡πÄ‡∏°‡∏µ‡πà‡∏¢‡∏°"" (Rama Premium) which is associated with the Faculty of Medicine Ramathibodi Hospital, Mahidol University."
